GENE	OCCURRENCE	SOURCE
ABL1	7	ONCOKB
AKT1	7	ONCOKB
ALK	7	ONCOKB
AMER1	7	ONCOKB
APC	7	ONCOKB
AR	7	ONCOKB
ARID1A	7	ONCOKB
ASXL1	7	ONCOKB
ATM	7	ONCOKB
ATRX	7	ONCOKB
AXIN1	7	ONCOKB
BAP1	7	ONCOKB
BCL2	7	ONCOKB
BCOR	7	ONCOKB
BRAF	7	ONCOKB
BRCA1	7	ONCOKB
BRCA2	7	ONCOKB
CARD11	7	ONCOKB
CBL	7	ONCOKB
CDC73	7	ONCOKB
CDH1	7	ONCOKB
CDKN2A	7	ONCOKB
CEBPA	7	ONCOKB
CIC	7	ONCOKB
CREBBP	7	ONCOKB
CTNNB1	7	ONCOKB
DAXX	7	ONCOKB
DNMT3A	7	ONCOKB
EGFR	7	ONCOKB
EP300	7	ONCOKB
ERBB2	7	ONCOKB
EZH2	7	ONCOKB
FBXW7	7	ONCOKB
FGFR2	7	ONCOKB
FGFR3	7	ONCOKB
FLT3	7	ONCOKB
FOXL2	7	ONCOKB
GATA3	7	ONCOKB
GNA11	7	ONCOKB
GNAQ	7	ONCOKB
GNAS	7	ONCOKB
HNF1A	7	ONCOKB
HRAS	7	ONCOKB
IDH1	7	ONCOKB
IDH2	7	ONCOKB
JAK1	7	ONCOKB
JAK2	7	ONCOKB
JAK3	7	ONCOKB
KDM5C	7	ONCOKB
KDM6A	7	ONCOKB
KIT	7	ONCOKB
KMT2D	7	ONCOKB
KRAS	7	ONCOKB
MAP2K1	7	ONCOKB
MAP3K1	7	ONCOKB
MED12	7	ONCOKB
MEN1	7	ONCOKB
MET	7	ONCOKB
MLH1	7	ONCOKB
MPL	7	ONCOKB
MSH2	7	ONCOKB
MSH6	7	ONCOKB
MYD88	7	ONCOKB
NF1	7	ONCOKB
NF2	7	ONCOKB
NFE2L2	7	ONCOKB
NOTCH1	7	ONCOKB
NOTCH2	7	ONCOKB
NPM1	7	ONCOKB
NRAS	7	ONCOKB
PAX5	7	ONCOKB
PBRM1	7	ONCOKB
PDGFRA	7	ONCOKB
PIK3CA	7	ONCOKB
PIK3R1	7	ONCOKB
PPP2R1A	7	ONCOKB
PRDM1	7	ONCOKB
PTCH1	7	ONCOKB
PTEN	7	ONCOKB
PTPN11	7	ONCOKB
RB1	7	ONCOKB
RET	7	ONCOKB
RNF43	7	ONCOKB
SETD2	7	ONCOKB
SF3B1	7	ONCOKB
SMAD2	7	ONCOKB
SMAD4	7	ONCOKB
SMARCA4	7	ONCOKB
SMARCB1	7	ONCOKB
SMO	7	ONCOKB
SOCS1	7	ONCOKB
SPOP	7	ONCOKB
STAG2	7	ONCOKB
STK11	7	ONCOKB
TET2	7	ONCOKB
TNFAIP3	7	ONCOKB
TP53	7	ONCOKB
TSC1	7	ONCOKB
U2AF1	7	ONCOKB
VHL	7	ONCOKB
WT1	7	ONCOKB
AKT2	6	ONCOKB
ARID2	6	ONCOKB
ATR	6	ONCOKB
B2M	6	ONCOKB
BARD1	6	ONCOKB
BCL6	6	ONCOKB
BRD4	6	ONCOKB
BRIP1	6	ONCOKB
BTK	6	ONCOKB
CALR	6	ONCOKB
CASP8	6	ONCOKB
CBFB	6	ONCOKB
CCND1	6	ONCOKB
CCND2	6	ONCOKB
CCND3	6	ONCOKB
CCNE1	6	ONCOKB
CD274	6	ONCOKB
CD79A	6	ONCOKB
CD79B	6	ONCOKB
CDK12	6	ONCOKB
CDK4	6	ONCOKB
CDK6	6	ONCOKB
CDKN1B	6	ONCOKB
CDKN2C	6	ONCOKB
CHEK2	6	ONCOKB
CRLF2	6	ONCOKB
CSF1R	6	ONCOKB
CSF3R	6	ONCOKB
CTCF	6	ONCOKB
CXCR4	6	ONCOKB
DDR2	6	ONCOKB
ERBB3	6	ONCOKB
ERBB4	6	ONCOKB
ERG	6	ONCOKB
ESR1	6	ONCOKB
ETV6	6	ONCOKB
FANCA	6	ONCOKB
FANCC	6	ONCOKB
FGFR1	6	ONCOKB
FGFR4	6	ONCOKB
FLCN	6	ONCOKB
FUBP1	6	ONCOKB
GATA1	6	ONCOKB
GATA2	6	ONCOKB
H3-3A	6	ONCOKB
H3C2	6	ONCOKB
HGF	6	ONCOKB
IKZF1	6	ONCOKB
IRF4	6	ONCOKB
JUN	6	ONCOKB
KDM5A	6	ONCOKB
KDR	6	ONCOKB
KEAP1	6	ONCOKB
KMT2A	6	ONCOKB
KMT2C	6	ONCOKB
MAP2K2	6	ONCOKB
MAP2K4	6	ONCOKB
MAPK1	6	ONCOKB
MDM2	6	ONCOKB
MDM4	6	ONCOKB
MITF	6	ONCOKB
MTOR	6	ONCOKB
MUTYH	6	ONCOKB
MYC	6	ONCOKB
MYCL	6	ONCOKB
MYCN	6	ONCOKB
NKX2-1	6	ONCOKB
NSD2	6	ONCOKB
NSD3	6	ONCOKB
NTRK1	6	ONCOKB
NTRK2	6	ONCOKB
NTRK3	6	ONCOKB
PALB2	6	ONCOKB
PDCD1LG2	6	ONCOKB
PDGFRB	6	ONCOKB
PHF6	6	ONCOKB
PIM1	6	ONCOKB
PRKAR1A	6	ONCOKB
RAD21	6	ONCOKB
RAF1	6	ONCOKB
RARA	6	ONCOKB
ROS1	6	ONCOKB
RUNX1	6	ONCOKB
SDHA	6	ONCOKB
SDHB	6	ONCOKB
SDHC	6	ONCOKB
SDHD	6	ONCOKB
SOX2	6	ONCOKB
SPEN	6	ONCOKB
SRC	6	ONCOKB
SRSF2	6	ONCOKB
STAT3	6	ONCOKB
SUFU	6	ONCOKB
SYK	6	ONCOKB
TENT5C	6	ONCOKB
TGFBR2	6	ONCOKB
TMPRSS2	6	ONCOKB
TNFRSF14	6	ONCOKB
TSC2	6	ONCOKB
XPO1	6	ONCOKB
AKT3	5	ONCOKB
ARAF	5	ONCOKB
ARID1B	5	ONCOKB
AURKA	5	ONCOKB
AURKB	5	ONCOKB
AXL	5	ONCOKB
BCL10	5	ONCOKB
BCORL1	5	ONCOKB
BCR	5	ONCOKB
BIRC3	5	ONCOKB
BLM	5	ONCOKB
BTG1	5	ONCOKB
CDK8	5	ONCOKB
CDKN2B	5	ONCOKB
CHEK1	5	ONCOKB
CRKL	5	ONCOKB
CYLD	5	ONCOKB
DOT1L	5	ONCOKB
EED	5	ONCOKB
EIF4A2	5	ONCOKB
EPHA3	5	ONCOKB
EPHB1	5	ONCOKB
ERCC4	5	ONCOKB
ETV1	5	ONCOKB
FAS	5	ONCOKB
FGF19	5	ONCOKB
FGF3	5	ONCOKB
FGF4	5	ONCOKB
FH	5	ONCOKB
FLT1	5	ONCOKB
FLT4	5	ONCOKB
FOXO1	5	ONCOKB
FOXP1	5	ONCOKB
GRIN2A	5	ONCOKB
GSK3B	5	ONCOKB
ID3	5	ONCOKB
IGF1R	5	ONCOKB
IKBKE	5	ONCOKB
IL7R	5	ONCOKB
INPP4B	5	ONCOKB
IRS2	5	ONCOKB
KLF4	5	ONCOKB
LMO1	5	ONCOKB
MALT1	5	ONCOKB
MAP3K13	5	ONCOKB
MCL1	5	ONCOKB
MEF2B	5	ONCOKB
MRE11	5	ONCOKB
MSH3	5	ONCOKB
MSI2	5	ONCOKB
NBN	5	ONCOKB
NCOR1	5	ONCOKB
NFKBIA	5	ONCOKB
NSD1	5	ONCOKB
NT5C2	5	ONCOKB
P2RY8	5	ONCOKB
PDCD1	5	ONCOKB
PIK3CB	5	ONCOKB
PMS2	5	ONCOKB
POLD1	5	ONCOKB
POLE	5	ONCOKB
POT1	5	ONCOKB
PPARG	5	ONCOKB
RAC1	5	ONCOKB
RAD50	5	ONCOKB
RAD51	5	ONCOKB
RAD51B	5	ONCOKB
RBM10	5	ONCOKB
REL	5	ONCOKB
RHOA	5	ONCOKB
RICTOR	5	ONCOKB
RPTOR	5	ONCOKB
SETBP1	5	ONCOKB
SOX9	5	ONCOKB
STAT5B	5	ONCOKB
SUZ12	5	ONCOKB
TBX3	5	ONCOKB
TCF3	5	ONCOKB
TERT	5	ONCOKB
TET1	5	ONCOKB
TOP1	5	ONCOKB
TP63	5	ONCOKB
TRAF7	5	ONCOKB
TSHR	5	ONCOKB
ZRSR2	5	ONCOKB
ACVR1	4	ONCOKB
ACVR1B	4	ONCOKB
ALOX12B	4	ONCOKB
AXIN2	4	ONCOKB
BCL11B	4	ONCOKB
BCL2L1	4	ONCOKB
BMPR1A	4	ONCOKB
CDKN1A	4	ONCOKB
CIITA	4	ONCOKB
CUL3	4	ONCOKB
CUX1	4	ONCOKB
DDX3X	4	ONCOKB
DICER1	4	ONCOKB
DIS3	4	ONCOKB
DNAJB1	4	ONCOKB
DNMT1	4	ONCOKB
DROSHA	4	ONCOKB
EPAS1	4	ONCOKB
EPHA5	4	ONCOKB
EPHA7	4	ONCOKB
ERCC2	4	ONCOKB
ERCC3	4	ONCOKB
ERCC5	4	ONCOKB
ERRFI1	4	ONCOKB
ETV4	4	ONCOKB
ETV5	4	ONCOKB
EWSR1	4	ONCOKB
FANCD2	4	ONCOKB
FANCG	4	ONCOKB
FAT1	4	ONCOKB
FBXO11	4	ONCOKB
FOXA1	4	ONCOKB
GLI1	4	ONCOKB
GNA13	4	ONCOKB
H1-2	4	ONCOKB
H3-3B	4	ONCOKB
HDAC1	4	ONCOKB
HLA-A	4	ONCOKB
IKZF3	4	ONCOKB
INHBA	4	ONCOKB
LATS1	4	ONCOKB
LATS2	4	ONCOKB
LYN	4	ONCOKB
MAF	4	ONCOKB
MAP3K14	4	ONCOKB
MAX	4	ONCOKB
MLLT1	4	ONCOKB
MST1R	4	ONCOKB
MYB	4	ONCOKB
MYOD1	4	ONCOKB
NCOR2	4	ONCOKB
NOTCH3	4	ONCOKB
NUP93	4	ONCOKB
PARP1	4	ONCOKB
PHOX2B	4	ONCOKB
PIK3C2G	4	ONCOKB
PIK3CG	4	ONCOKB
PIK3R2	4	ONCOKB
PLCG2	4	ONCOKB
PPM1D	4	ONCOKB
PPP6C	4	ONCOKB
PREX2	4	ONCOKB
PRKCI	4	ONCOKB
PRKN	4	ONCOKB
PTPRT	4	ONCOKB
RAD51C	4	ONCOKB
RAD51D	4	ONCOKB
RAD52	4	ONCOKB
RAD54L	4	ONCOKB
RECQL4	4	ONCOKB
RRAS2	4	ONCOKB
RUNX1T1	4	ONCOKB
SDHAF2	4	ONCOKB
SGK1	4	ONCOKB
SH2B3	4	ONCOKB
SMAD3	4	ONCOKB
STAT5A	4	ONCOKB
STAT6	4	ONCOKB
TBL1XR1	4	ONCOKB
TCF7L2	4	ONCOKB
TEK	4	ONCOKB
TMEM127	4	ONCOKB
TRAF2	4	ONCOKB
VEGFA	4	ONCOKB
WWTR1	4	ONCOKB
XRCC2	4	ONCOKB
ZFHX3	4	ONCOKB
ABL2	3	ONCOKB
ABRAXAS1	3	ONCOKB
AFDN	3	ONCOKB
AFF4	3	ONCOKB
AGO2	3	ONCOKB
ANKRD11	3	ONCOKB
ARHGAP26	3	ONCOKB
ARHGAP35	3	ONCOKB
ARHGEF12	3	ONCOKB
ARID5B	3	ONCOKB
ASXL2	3	ONCOKB
ATF1	3	ONCOKB
ATIC	3	ONCOKB
BABAM1	3	ONCOKB
BBC3	3	ONCOKB
BCL2L11	3	ONCOKB
BCL2L2	3	ONCOKB
BCL3	3	ONCOKB
BCL7A	3	ONCOKB
BCL9	3	ONCOKB
BTG2	3	ONCOKB
CAMTA1	3	ONCOKB
CARM1	3	ONCOKB
CBFA2T3	3	ONCOKB
CCNQ	3	ONCOKB
CD22	3	ONCOKB
CD276	3	ONCOKB
CD58	3	ONCOKB
CD70	3	ONCOKB
CD74	3	ONCOKB
CDC42	3	ONCOKB
CENPA	3	ONCOKB
CEP43	3	ONCOKB
CLTCL1	3	ONCOKB
CNTRL	3	ONCOKB
COL1A1	3	ONCOKB
COP1	3	ONCOKB
CREB3L2	3	ONCOKB
CSDE1	3	ONCOKB
CTLA4	3	ONCOKB
CTNNA1	3	ONCOKB
CYSLTR2	3	ONCOKB
DCUN1D1	3	ONCOKB
DDIT3	3	ONCOKB
DEK	3	ONCOKB
DNM2	3	ONCOKB
DNMT3B	3	ONCOKB
DTX1	3	ONCOKB
DUSP22	3	ONCOKB
DUSP4	3	ONCOKB
E2F3	3	ONCOKB
EBF1	3	ONCOKB
EGFL7	3	ONCOKB
EIF1AX	3	ONCOKB
EIF4E	3	ONCOKB
ELF3	3	ONCOKB
ELF4	3	ONCOKB
ELL	3	ONCOKB
ELOC	3	ONCOKB
EML4	3	ONCOKB
EMSY	3	ONCOKB
EPCAM	3	ONCOKB
ERF	3	ONCOKB
ETNK1	3	ONCOKB
EZH1	3	ONCOKB
FANCE	3	ONCOKB
FANCF	3	ONCOKB
FANCL	3	ONCOKB
FCGR2B	3	ONCOKB
FEV	3	ONCOKB
FGF10	3	ONCOKB
FGF14	3	ONCOKB
FGF23	3	ONCOKB
FGF6	3	ONCOKB
FHIT	3	ONCOKB
FLI1	3	ONCOKB
FOXO3	3	ONCOKB
FUS	3	ONCOKB
FYN	3	ONCOKB
GNA12	3	ONCOKB
GNB1	3	ONCOKB
GPS2	3	ONCOKB
GREM1	3	ONCOKB
H1-3	3	ONCOKB
H1-4	3	ONCOKB
H2AC11	3	ONCOKB
H2AC16	3	ONCOKB
H2AC17	3	ONCOKB
H2AC6	3	ONCOKB
H2BC11	3	ONCOKB
H2BC12	3	ONCOKB
H2BC17	3	ONCOKB
H2BC4	3	ONCOKB
H2BC5	3	ONCOKB
H3-4	3	ONCOKB
H3-5	3	ONCOKB
H3C1	3	ONCOKB
H3C10	3	ONCOKB
H3C11	3	ONCOKB
H3C12	3	ONCOKB
H3C13	3	ONCOKB
H3C14	3	ONCOKB
H3C3	3	ONCOKB
H3C4	3	ONCOKB
H3C6	3	ONCOKB
H3C7	3	ONCOKB
H3C8	3	ONCOKB
H4C9	3	ONCOKB
HDAC4	3	ONCOKB
HDAC7	3	ONCOKB
HERPUD1	3	ONCOKB
HIF1A	3	ONCOKB
HIP1	3	ONCOKB
HLA-B	3	ONCOKB
HMGA1	3	ONCOKB
HMGA2	3	ONCOKB
HOXA11	3	ONCOKB
HOXB13	3	ONCOKB
HSP90AA1	3	ONCOKB
ICOSLG	3	ONCOKB
IFNGR1	3	ONCOKB
IGF1	3	ONCOKB
IGF2	3	ONCOKB
IL10	3	ONCOKB
INHA	3	ONCOKB
INPP4A	3	ONCOKB
INPPL1	3	ONCOKB
INSR	3	ONCOKB
IRF1	3	ONCOKB
IRF8	3	ONCOKB
IRS1	3	ONCOKB
JARID2	3	ONCOKB
KAT6A	3	ONCOKB
KDSR	3	ONCOKB
KLHL6	3	ONCOKB
KMT2B	3	ONCOKB
KMT5A	3	ONCOKB
KNSTRN	3	ONCOKB
LASP1	3	ONCOKB
LCK	3	ONCOKB
LEF1	3	ONCOKB
LMO2	3	ONCOKB
LRP1B	3	ONCOKB
LZTR1	3	ONCOKB
MAFB	3	ONCOKB
MAPK3	3	ONCOKB
MAPKAP1	3	ONCOKB
MDC1	3	ONCOKB
MECOM	3	ONCOKB
MGA	3	ONCOKB
MLF1	3	ONCOKB
MLLT10	3	ONCOKB
MLLT3	3	ONCOKB
MN1	3	ONCOKB
MSI1	3	ONCOKB
MST1	3	ONCOKB
MTAP	3	ONCOKB
MYH11	3	ONCOKB
NCOA3	3	ONCOKB
NCSTN	3	ONCOKB
NEGR1	3	ONCOKB
NKX3-1	3	ONCOKB
NOTCH4	3	ONCOKB
NR4A3	3	ONCOKB
NTHL1	3	ONCOKB
NUF2	3	ONCOKB
NUP214	3	ONCOKB
NUP98	3	ONCOKB
NUTM1	3	ONCOKB
PAFAH1B2	3	ONCOKB
PAK1	3	ONCOKB
PAK5	3	ONCOKB
PAX3	3	ONCOKB
PAX7	3	ONCOKB
PCBP1	3	ONCOKB
PDGFB	3	ONCOKB
PDK1	3	ONCOKB
PDPK1	3	ONCOKB
PGR	3	ONCOKB
PICALM	3	ONCOKB
PIK3C3	3	ONCOKB
PIK3CD	3	ONCOKB
PIK3R3	3	ONCOKB
PLCG1	3	ONCOKB
PLK2	3	ONCOKB
PMAIP1	3	ONCOKB
PML	3	ONCOKB
PMS1	3	ONCOKB
PNRC1	3	ONCOKB
PPP4R2	3	ONCOKB
PRDM14	3	ONCOKB
PRKD1	3	ONCOKB
PTP4A1	3	ONCOKB
PTPN2	3	ONCOKB
PTPRD	3	ONCOKB
PTPRS	3	ONCOKB
QKI	3	ONCOKB
RAB35	3	ONCOKB
RAC2	3	ONCOKB
RASA1	3	ONCOKB
RBM15	3	ONCOKB
RECQL	3	ONCOKB
RHEB	3	ONCOKB
RIT1	3	ONCOKB
RPS6KA4	3	ONCOKB
RPS6KB2	3	ONCOKB
RRAGC	3	ONCOKB
RRAS	3	ONCOKB
RSPO2	3	ONCOKB
RTEL1	3	ONCOKB
RXRA	3	ONCOKB
RYBP	3	ONCOKB
SESN1	3	ONCOKB
SESN2	3	ONCOKB
SESN3	3	ONCOKB
SET	3	ONCOKB
SETDB1	3	ONCOKB
SH2D1A	3	ONCOKB
SHOC2	3	ONCOKB
SHQ1	3	ONCOKB
SLX4	3	ONCOKB
SMARCD1	3	ONCOKB
SMARCE1	3	ONCOKB
SMC1A	3	ONCOKB
SMC3	3	ONCOKB
SMYD3	3	ONCOKB
SOS1	3	ONCOKB
SOX17	3	ONCOKB
SPRED1	3	ONCOKB
SS18	3	ONCOKB
SSX1	3	ONCOKB
SSX2	3	ONCOKB
STK19	3	ONCOKB
STK40	3	ONCOKB
TAL1	3	ONCOKB
TAP1	3	ONCOKB
TAP2	3	ONCOKB
TCL1A	3	ONCOKB
TFE3	3	ONCOKB
TGFBR1	3	ONCOKB
TLX1	3	ONCOKB
TLX3	3	ONCOKB
TNFRSF17	3	ONCOKB
TP53BP1	3	ONCOKB
TPM3	3	ONCOKB
TRAF3	3	ONCOKB
TRAF5	3	ONCOKB
TYK2	3	ONCOKB
U2AF2	3	ONCOKB
UBR5	3	ONCOKB
UPF1	3	ONCOKB
USP6	3	ONCOKB
USP8	3	ONCOKB
VTCN1	3	ONCOKB
XBP1	3	ONCOKB
XIAP	3	ONCOKB
YAP1	3	ONCOKB
YES1	3	ONCOKB
ZNF217	3	ONCOKB
ABI1	2	ONCOKB
ACKR3	2	ONCOKB
ACTG1	2	ONCOKB
ACVR2A	2	ONCOKB
ADGRA2	2	ONCOKB
AFF1	2	ONCOKB
AGO1	2	ONCOKB
ALB	2	ONCOKB
APLNR	2	ONCOKB
APOBEC3B	2	ONCOKB
ARFRP1	2	ONCOKB
ARHGEF28	2	ONCOKB
ARID3A	2	ONCOKB
ARID3B	2	ONCOKB
ARID3C	2	ONCOKB
ARID4A	2	ONCOKB
ARID4B	2	ONCOKB
ARID5A	2	ONCOKB
ARNT	2	ONCOKB
ATG5	2	ONCOKB
ATP1A1	2	ONCOKB
ATP6AP1	2	ONCOKB
ATP6V1B2	2	ONCOKB
ATXN2	2	ONCOKB
ATXN7	2	ONCOKB
BACH2	2	ONCOKB
BCL11A	2	ONCOKB
BCL9L	2	ONCOKB
BRD3	2	ONCOKB
BRSK1	2	ONCOKB
BUB1B	2	ONCOKB
CACNA1D	2	ONCOKB
CAD	2	ONCOKB
CANT1	2	ONCOKB
CARS1	2	ONCOKB
CBLB	2	ONCOKB
CCN6	2	ONCOKB
CCNB1IP1	2	ONCOKB
CD28	2	ONCOKB
CDH11	2	ONCOKB
CDX2	2	ONCOKB
CHCHD7	2	ONCOKB
CHD2	2	ONCOKB
CHD4	2	ONCOKB
CILK1	2	ONCOKB
CLIP1	2	ONCOKB
CLTC	2	ONCOKB
CMTR2	2	ONCOKB
COL2A1	2	ONCOKB
CRBN	2	ONCOKB
CREB1	2	ONCOKB
CREB3L1	2	ONCOKB
CRTC1	2	ONCOKB
CTR9	2	ONCOKB
CUL4A	2	ONCOKB
CYP19A1	2	ONCOKB
DDB2	2	ONCOKB
DDX10	2	ONCOKB
DDX5	2	ONCOKB
DDX6	2	ONCOKB
ECT2L	2	ONCOKB
EGR1	2	ONCOKB
EIF3E	2	ONCOKB
ELK4	2	ONCOKB
ELN	2	ONCOKB
EP400	2	ONCOKB
EPHB4	2	ONCOKB
EPOR	2	ONCOKB
EPS15	2	ONCOKB
ERC1	2	ONCOKB
ESCO2	2	ONCOKB
ETAA1	2	ONCOKB
ETS1	2	ONCOKB
EXT1	2	ONCOKB
EZHIP	2	ONCOKB
EZR	2	ONCOKB
FCRL4	2	ONCOKB
FES	2	ONCOKB
FOXF1	2	ONCOKB
FOXO4	2	ONCOKB
FRS2	2	ONCOKB
FSTL3	2	ONCOKB
FURIN	2	ONCOKB
GAB1	2	ONCOKB
GAB2	2	ONCOKB
GABRA6	2	ONCOKB
GAS7	2	ONCOKB
GATA4	2	ONCOKB
GATA6	2	ONCOKB
GID4	2	ONCOKB
GPC3	2	ONCOKB
GPHN	2	ONCOKB
GRM3	2	ONCOKB
GTF2I	2	ONCOKB
H1-5	2	ONCOKB
H2BC8	2	ONCOKB
HEY1	2	ONCOKB
HIRA	2	ONCOKB
HLA-C	2	ONCOKB
HLF	2	ONCOKB
HOXA13	2	ONCOKB
HOXA9	2	ONCOKB
HOXC11	2	ONCOKB
HOXC13	2	ONCOKB
HOXD11	2	ONCOKB
HOXD13	2	ONCOKB
HSD3B1	2	ONCOKB
HSP90AB1	2	ONCOKB
IGH	2	ONCOKB
IGK	2	ONCOKB
IGL	2	ONCOKB
IL21R	2	ONCOKB
IL3	2	ONCOKB
IL6ST	2	ONCOKB
IRF2	2	ONCOKB
ITK	2	ONCOKB
JAZF1	2	ONCOKB
KBTBD4	2	ONCOKB
KEL	2	ONCOKB
KIF5B	2	ONCOKB
KLF5	2	ONCOKB
KSR2	2	ONCOKB
LMNA	2	ONCOKB
LPP	2	ONCOKB
LTB	2	ONCOKB
LTK	2	ONCOKB
LYL1	2	ONCOKB
MAD2L2	2	ONCOKB
MAML2	2	ONCOKB
MAP3K7	2	ONCOKB
MEF2C	2	ONCOKB
MERTK	2	ONCOKB
MGAM	2	ONCOKB
MKI67	2	ONCOKB
MLLT6	2	ONCOKB
MOB3B	2	ONCOKB
MPEG1	2	ONCOKB
MRTFA	2	ONCOKB
MSN	2	ONCOKB
MUC1	2	ONCOKB
MYH9	2	ONCOKB
MYO5A	2	ONCOKB
NAB2	2	ONCOKB
NADK	2	ONCOKB
NCOA2	2	ONCOKB
NCOA4	2	ONCOKB
NDRG1	2	ONCOKB
NFATC2	2	ONCOKB
NFE2	2	ONCOKB
NFKB2	2	ONCOKB
NIN	2	ONCOKB
NRG1	2	ONCOKB
NUMA1	2	ONCOKB
PAK3	2	ONCOKB
PAX8	2	ONCOKB
PBX1	2	ONCOKB
PCM1	2	ONCOKB
PDE4DIP	2	ONCOKB
PDS5B	2	ONCOKB
PER1	2	ONCOKB
PGBD5	2	ONCOKB
PIGA	2	ONCOKB
PIK3C2B	2	ONCOKB
PLAG1	2	ONCOKB
POU2AF1	2	ONCOKB
PPP2R2A	2	ONCOKB
PRCC	2	ONCOKB
PRDM16	2	ONCOKB
PRKACA	2	ONCOKB
PRKDC	2	ONCOKB
PRRX1	2	ONCOKB
PSIP1	2	ONCOKB
PTK7	2	ONCOKB
PTPN1	2	ONCOKB
PTPN13	2	ONCOKB
PTPRO	2	ONCOKB
RABEP1	2	ONCOKB
RANBP2	2	ONCOKB
RAP1GDS1	2	ONCOKB
RELN	2	ONCOKB
REST	2	ONCOKB
RHOH	2	ONCOKB
RNF213	2	ONCOKB
ROBO1	2	ONCOKB
RPL22	2	ONCOKB
RPL5	2	ONCOKB
RPN1	2	ONCOKB
RSPO3	2	ONCOKB
SAMHD1	2	ONCOKB
SCG5	2	ONCOKB
SDC4	2	ONCOKB
SERPINB3	2	ONCOKB
SERPINB4	2	ONCOKB
SETD1A	2	ONCOKB
SETD1B	2	ONCOKB
SETD3	2	ONCOKB
SETD4	2	ONCOKB
SETD5	2	ONCOKB
SETD6	2	ONCOKB
SETD7	2	ONCOKB
SETDB2	2	ONCOKB
SH3GL1	2	ONCOKB
SLC34A2	2	ONCOKB
SLFN11	2	ONCOKB
SMARCA1	2	ONCOKB
SMARCA2	2	ONCOKB
SMG1	2	ONCOKB
SOCS3	2	ONCOKB
SOX10	2	ONCOKB
SP140	2	ONCOKB
SPRTN	2	ONCOKB
SRSF3	2	ONCOKB
SSX4	2	ONCOKB
STAG1	2	ONCOKB
STAT4	2	ONCOKB
TAF1	2	ONCOKB
TAF15	2	ONCOKB
TAL2	2	ONCOKB
TET3	2	ONCOKB
TFG	2	ONCOKB
TPM4	2	ONCOKB
TRA	2	ONCOKB
TRB	2	ONCOKB
TRD	2	ONCOKB
TRG	2	ONCOKB
TRIM24	2	ONCOKB
TRIM27	2	ONCOKB
TRIP11	2	ONCOKB
TRIP13	2	ONCOKB
VAV1	2	ONCOKB
VAV2	2	ONCOKB
WIF1	2	ONCOKB
WRN	2	ONCOKB
XPA	2	ONCOKB
XPC	2	ONCOKB
YWHAE	2	ONCOKB
ZBTB16	2	ONCOKB
ZBTB7A	2	ONCOKB
ZMYM2	2	ONCOKB
ZMYM3	2	ONCOKB
ZNF384	2	ONCOKB
ZNF521	2	ONCOKB
ZNF703	2	ONCOKB
ZNRF3	2	ONCOKB
A1CF	1	ONCOKB
AAMP	1	ONCOKB
ABCB1	1	ONCOKB
ABCC3	1	ONCOKB
ACSL3	1	ONCOKB
ACSL6	1	ONCOKB
ACTB	1	ONCOKB
ADAR	1	ONCOKB
ADARB2	1	ONCOKB
ADGRG4	1	ONCOKB
ADHFE1	1	ONCOKB
AFF3	1	ONCOKB
AGGF1	1	ONCOKB
AGK	1	ONCOKB
AIM2	1	ONCOKB
AIP	1	ONCOKB
AJUBA	1	ONCOKB
AKT1S1	1	ONCOKB
ALDH1A3	1	ONCOKB
ALDH1L2	1	ONCOKB
ALDH2	1	ONCOKB
ALOX15B	1	ONCOKB
ALOX5	1	ONCOKB
ANK1	1	ONCOKB
ANKRD26	1	ONCOKB
APCDD1	1	ONCOKB
APEX1	1	ONCOKB
APH1A	1	ONCOKB
ASCL1	1	ONCOKB
ASMTL	1	ONCOKB
ASPSCR1	1	ONCOKB
ASXL3	1	ONCOKB
ATMIN	1	ONCOKB
ATP2B3	1	ONCOKB
ATRIP	1	ONCOKB
AURKC	1	ONCOKB
BAALC	1	ONCOKB
BABAM2	1	ONCOKB
BACH1	1	ONCOKB
BAX	1	ONCOKB
BIRC5	1	ONCOKB
BRD2	1	ONCOKB
BRD9	1	ONCOKB
BTLA	1	ONCOKB
CASR	1	ONCOKB
CAV1	1	ONCOKB
CBLC	1	ONCOKB
CCAR1	1	ONCOKB
CCDC6	1	ONCOKB
CCNB3	1	ONCOKB
CCT6B	1	ONCOKB
CD19	1	ONCOKB
CD36	1	ONCOKB
CDH2	1	ONCOKB
CDH4	1	ONCOKB
CDKN1C	1	ONCOKB
CHIC2	1	ONCOKB
CHN1	1	ONCOKB
CHTF8	1	ONCOKB
CKS1B	1	ONCOKB
CLP1	1	ONCOKB
CNBP	1	ONCOKB
CNOT3	1	ONCOKB
COL5A1	1	ONCOKB
CPS1	1	ONCOKB
CREM	1	ONCOKB
CRTC3	1	ONCOKB
CSF1	1	ONCOKB
CTC1	1	ONCOKB
CTDNEP1	1	ONCOKB
CYP17A1	1	ONCOKB
DAZAP1	1	ONCOKB
DCTN1	1	ONCOKB
DDR1	1	ONCOKB
DDX4	1	ONCOKB
DDX41	1	ONCOKB
DHX15	1	ONCOKB
DIS3L2	1	ONCOKB
DKK1	1	ONCOKB
DKK2	1	ONCOKB
DKK3	1	ONCOKB
DKK4	1	ONCOKB
DLL3	1	ONCOKB
DPYD	1	ONCOKB
DUSP2	1	ONCOKB
DUSP9	1	ONCOKB
ECSIT	1	ONCOKB
EGR2	1	ONCOKB
EIF2B1	1	ONCOKB
ELL2	1	ONCOKB
ELP2	1	ONCOKB
ERCC1	1	ONCOKB
ERCC6	1	ONCOKB
ESCO1	1	ONCOKB
EXOSC6	1	ONCOKB
EXT2	1	ONCOKB
FAF1	1	ONCOKB
FANCB	1	ONCOKB
FANCI	1	ONCOKB
FANCM	1	ONCOKB
FAT4	1	ONCOKB
FBXO31	1	ONCOKB
FBXW2	1	ONCOKB
FGF1	1	ONCOKB
FGF12	1	ONCOKB
FGF2	1	ONCOKB
FGF5	1	ONCOKB
FGF7	1	ONCOKB
FGF8	1	ONCOKB
FGF9	1	ONCOKB
FIP1L1	1	ONCOKB
FLYWCH1	1	ONCOKB
FNBP1	1	ONCOKB
FOLH1	1	ONCOKB
FOLR1	1	ONCOKB
FOXN4	1	ONCOKB
FSTL1	1	ONCOKB
FZR1	1	ONCOKB
GADD45B	1	ONCOKB
GEN1	1	ONCOKB
GMPS	1	ONCOKB
GOLGA5	1	ONCOKB
GOPC	1	ONCOKB
GRB7	1	ONCOKB
GSTO1	1	ONCOKB
GSTP1	1	ONCOKB
GTSE1	1	ONCOKB
H3C15	1	ONCOKB
H3P6	1	ONCOKB
H4C6	1	ONCOKB
HDAC2	1	ONCOKB
HFE	1	ONCOKB
HNF1B	1	ONCOKB
HNRNPA2B1	1	ONCOKB
HOOK3	1	ONCOKB
HOXA3	1	ONCOKB
HSD17B2	1	ONCOKB
HTATIP2	1	ONCOKB
ID1	1	ONCOKB
IFNAR1	1	ONCOKB
IKBKB	1	ONCOKB
IKZF2	1	ONCOKB
IL2	1	ONCOKB
ING1	1	ONCOKB
INPP5D	1	ONCOKB
INTS6	1	ONCOKB
IQGAP1	1	ONCOKB
IRS4	1	ONCOKB
ITPKB	1	ONCOKB
KAT6B	1	ONCOKB
KAT7	1	ONCOKB
KCNJ5	1	ONCOKB
KDM2B	1	ONCOKB
KDM4C	1	ONCOKB
KDM5D	1	ONCOKB
KIAA1549	1	ONCOKB
KLF2	1	ONCOKB
KLF3	1	ONCOKB
KLF6	1	ONCOKB
KLK2	1	ONCOKB
KNL1	1	ONCOKB
KTN1	1	ONCOKB
L1TD1	1	ONCOKB
LARP4B	1	ONCOKB
LCP1	1	ONCOKB
LGR5	1	ONCOKB
LIFR	1	ONCOKB
LRIG3	1	ONCOKB
LRP5	1	ONCOKB
LRP6	1	ONCOKB
LRRK2	1	ONCOKB
LZTS1	1	ONCOKB
MAGED1	1	ONCOKB
MAGI2	1	ONCOKB
MAL2	1	ONCOKB
MAP3K21	1	ONCOKB
MAP3K6	1	ONCOKB
MAP4K4	1	ONCOKB
MBD4	1	ONCOKB
MBD6	1	ONCOKB
MDS2	1	ONCOKB
MEF2D	1	ONCOKB
MIB1	1	ONCOKB
MIDEAS	1	ONCOKB
MKNK1	1	ONCOKB
MLH3	1	ONCOKB
MLLT11	1	ONCOKB
MNX1	1	ONCOKB
MS4A1	1	ONCOKB
MTCP1	1	ONCOKB
MTHFD2	1	ONCOKB
MTHFR	1	ONCOKB
MYBL1	1	ONCOKB
MYO18A	1	ONCOKB
NACA	1	ONCOKB
NBEAP1	1	ONCOKB
NCOA1	1	ONCOKB
NFIB	1	ONCOKB
NFKBIE	1	ONCOKB
NHERF1	1	ONCOKB
NOD1	1	ONCOKB
NONO	1	ONCOKB
NQO1	1	ONCOKB
NUTM2A	1	ONCOKB
NUTM2B	1	ONCOKB
NUTM2D	1	ONCOKB
OGA	1	ONCOKB
OGT	1	ONCOKB
OLIG2	1	ONCOKB
OMD	1	ONCOKB
ONECUT2	1	ONCOKB
PAG1	1	ONCOKB
PARP2	1	ONCOKB
PARP3	1	ONCOKB
PASK	1	ONCOKB
PATZ1	1	ONCOKB
PC	1	ONCOKB
PCLO	1	ONCOKB
PCSK7	1	ONCOKB
PDCD11	1	ONCOKB
PHF1	1	ONCOKB
PHF19	1	ONCOKB
PHLPP1	1	ONCOKB
PHLPP2	1	ONCOKB
POLG	1	ONCOKB
POLH	1	ONCOKB
POLQ	1	ONCOKB
POU2F2	1	ONCOKB
POU3F2	1	ONCOKB
POU3F4	1	ONCOKB
POU5F1	1	ONCOKB
PPFIBP1	1	ONCOKB
PPP1CB	1	ONCOKB
PRF1	1	ONCOKB
PRKCB	1	ONCOKB
PRPF8	1	ONCOKB
PRSS1	1	ONCOKB
PRSS8	1	ONCOKB
PSMB2	1	ONCOKB
PTK6	1	ONCOKB
PTPN14	1	ONCOKB
PTPN6	1	ONCOKB
PTPRB	1	ONCOKB
PTPRC	1	ONCOKB
PTPRK	1	ONCOKB
PUM1	1	ONCOKB
RAD17	1	ONCOKB
RALGDS	1	ONCOKB
RASGEF1A	1	ONCOKB
RELA	1	ONCOKB
REV3L	1	ONCOKB
RIOK2	1	ONCOKB
RMI2	1	ONCOKB
RNASEH2A	1	ONCOKB
RNASEH2B	1	ONCOKB
RNF217-AS1	1	ONCOKB
RPL10	1	ONCOKB
RPS15	1	ONCOKB
RPS6KB1	1	ONCOKB
RUNX2	1	ONCOKB
S1PR2	1	ONCOKB
SALL4	1	ONCOKB
SAMD9	1	ONCOKB
SAMD9L	1	ONCOKB
SBDS	1	ONCOKB
SEC31A	1	ONCOKB
SEPTIN5	1	ONCOKB
SEPTIN6	1	ONCOKB
SEPTIN9	1	ONCOKB
SERP2	1	ONCOKB
SF3B2	1	ONCOKB
SFPQ	1	ONCOKB
SFRP1	1	ONCOKB
SFRP2	1	ONCOKB
SFRP4	1	ONCOKB
SIX1	1	ONCOKB
SLC1A2	1	ONCOKB
SLC45A3	1	ONCOKB
SLIT2	1	ONCOKB
SLIT3	1	ONCOKB
SNCAIP	1	ONCOKB
SND1	1	ONCOKB
SNX29	1	ONCOKB
SOCS2	1	ONCOKB
SQSTM1	1	ONCOKB
SRP72	1	ONCOKB
SS18L1	1	ONCOKB
STAT1	1	ONCOKB
STAT2	1	ONCOKB
STIL	1	ONCOKB
STRN	1	ONCOKB
SZT2	1	ONCOKB
TACSTD2	1	ONCOKB
TCEA1	1	ONCOKB
TCF12	1	ONCOKB
TCL1B	1	ONCOKB
TEC	1	ONCOKB
TERC	1	ONCOKB
TFEB	1	ONCOKB
TFPT	1	ONCOKB
TFRC	1	ONCOKB
TIGAR	1	ONCOKB
TIPARP	1	ONCOKB
TLE1	1	ONCOKB
TLE2	1	ONCOKB
TLE3	1	ONCOKB
TLE4	1	ONCOKB
TLL2	1	ONCOKB
TMEM30A	1	ONCOKB
TMSB4XP8	1	ONCOKB
TNFRSF11A	1	ONCOKB
TNFSF13	1	ONCOKB
TONSL	1	ONCOKB
TOP2A	1	ONCOKB
TPMT	1	ONCOKB
TPR	1	ONCOKB
TRIB3	1	ONCOKB
TRIM33	1	ONCOKB
TRRAP	1	ONCOKB
TTL	1	ONCOKB
TUSC3	1	ONCOKB
TYMS	1	ONCOKB
TYRO3	1	ONCOKB
UBA1	1	ONCOKB
UBE2A	1	ONCOKB
UBTF	1	ONCOKB
UCHL1	1	ONCOKB
USP1	1	ONCOKB
VEGFB	1	ONCOKB
WAS	1	ONCOKB
WDCP	1	ONCOKB
WDR90	1	ONCOKB
WEE1	1	ONCOKB
WWP1	1	ONCOKB
XRCC1	1	ONCOKB
YPEL5	1	ONCOKB
YY1	1	ONCOKB
YY1AP1	1	ONCOKB
ZBTB20	1	ONCOKB
ZFP36L1	1	ONCOKB
ZFP36L2	1	ONCOKB
ZNF24	1	ONCOKB
ZNF292	1	ONCOKB
ZNF331	1	ONCOKB
ZNF750	1	ONCOKB
TP53	NA	cust087
DLEU1	NA	cust087
DLEU2	NA	cust087
RB1	NA	cust087
KMT2D	NA	cust087
KMT2A	NA	cust087
ATM	NA	cust087
